Insert into User (username, email, password, first_name, middle_name, last_name)
Values ( 'ccheung39', 'ccheung39@gatech.edu', '12345C', 'Carol', ' ', 'Cheung');
Insert into User (username, email, password, first_name, middle_name, last_name)
Values ( 'hlyu33', 'hlyu33@gatech.edu', 'HelloWorld123', 'Vivian', ' ', 'Lyu');
Insert into User (username, email, password, first_name, middle_name, last_name)
Values ( 'skyyao', 'skyyao@gatech.edu', 'School123', 'Sky', ' ', 'Yao');
Insert into User (username, email, password, first_name, middle_name, last_name)
Values ( 'Mkyle7', 'Mkyle7@media.com', 'Runner123', 'Marlon', 'K ', 'Webster');
Insert into User (username, email, password, first_name, middle_name, last_name)
Values ( 'Kbware8', 'Kbware8@topgolf.com', 'Atari321', 'Kevin', 'Brian ', 'Taylor');
Insert into User (username, email, password, first_name, middle_name, last_name)
Values ( 'Todd48', 'Todd48@rmail.com', 'Racecar123', 'Todd', 'Reynolds ', 'Johnson');
Insert into User (username, email, password, first_name, middle_name, last_name)
Values ( 'Brandon33', 'Brandon33@qmail.com', 'GoodBye12345', 'Brandon', 'William ', 'George');
Insert into User (username, email, password, first_name, middle_name, last_name)
Values ( 'MarkJ44', 'MarkJ44@dmail.com', 'Brother12345', 'Mark', 'D.', 'Parker');
Insert into User (username, email, password, first_name, middle_name, last_name)
Values ( 'Mindy556', 'Mindy556@pmail.com', 'Holiday333', 'Mindy', ' ', 'Li');
Insert into User (username, email, password, first_name, middle_name, last_name)
Values ( 'Eric908', 'Eric908@wmail.com', 'Cooking321', 'Eric', ' ', 'Cook');



## Customer
Insert into Customer (username, home_phone, work_phone, cell_phone, primary_phone, state, city,street, zip_code, name_on_card, card_number, expiration_month, expiration_year,cvc)
Values ( 'ccheung39', '212-344-6761', '212-344-6763', NULL, '212-344-6767', 'NY', 'Manhatten','1234 Kingston Rd','65578-2909', 'Carol Cheung', '3767645678988', 'October', 2018, '909');
Insert into Customer (username, home_phone, work_phone, cell_phone, primary_phone, state, city,street, zip_code, name_on_card, card_number, expiration_month, expiration_year,cvc)
Values ( 'hlyu33', '312-344-6762', '312-344-6764', NULL, '222-344-6767', 'CT', 'Manhatten','32 Kingston Rd','45578-3909', 'hlyu33', '4767645678988', 'January', 2019, '454');
Insert into Customer (username, home_phone, work_phone, cell_phone, primary_phone, state, city,street, zip_code, name_on_card, card_number, expiration_month, expiration_year,cvc)
Values ( 'skyyao', '412-344-6763', '412-344-6765', '288-344-6767', '212-344-6767', 'TX', 'Houston','56 Kingston Rd','25578-4909', 'skyyao', '5767645678988', 'September', 2020, '789');
Insert into Customer (username, home_phone, work_phone, cell_phone, primary_phone, state, city,street, zip_code, name_on_card, card_number, expiration_month, expiration_year,cvc)
Values ('Mkyle7', '512-344-6764', '512-344-6766', '767-909-5566 xt. 434', '212-344-6767', 'GA', 'Atlanta','89 Kingston Rd','95578-5909', 'Mkyle7', '6767645678988', 'July', 2018, '002');
Insert into Customer (username, home_phone, work_phone, cell_phone, primary_phone, state, city,street, zip_code, name_on_card, card_number, expiration_month, expiration_year,cvc)
Values ( 'Kbware8', '612-344-6765', '612-344-6767', NULL, '212-344-6767', 'MD', 'Manhatten','44 Kingston Rd','75578-6909', 'Kbware8', '6767645678988', 'August', 2018, '404');
Insert into Customer (username, home_phone, work_phone, cell_phone, primary_phone, state, city,street, zip_code, name_on_card, card_number, expiration_month, expiration_year,cvc)
Values ( 'Todd48', '712-344-6766', '712-344-6768', '299-344-6767', '212-344-6767', 'NY', 'Manhatten','67 Kingston Rd','45578-7909', 'Todd48', '8767645678988', 'May', 2016, '776');
Insert into Customer (username, home_phone, work_phone, cell_phone, primary_phone, state, city,street, zip_code, name_on_card, card_number, expiration_month, expiration_year,cvc)
Values ( 'Brandon33', '812-344-6767', '812-344-6769', NULL, '212-344-6767', 'CA', 'Hollywood','909 Kingston Rd','63558-8909', 'Brandon33', '9767645678988', 'March', 2013, '233');
Insert into Customer (username, home_phone, work_phone, cell_phone, primary_phone, state, city,street, zip_code, name_on_card, card_number, expiration_month, expiration_year,cvc)
Values ( 'MarkJ44', '912-344-6768', '912-344-6760', NULL, '212-344-6767', 'CO', 'Denver','332 Kingston Rd','65578-9909', 'MarkJ44', '3967645678988', 'February', 2018, '701');
Insert into Customer (username, home_phone, work_phone, cell_phone, primary_phone, state, city,street, zip_code, name_on_card, card_number, expiration_month, expiration_year,cvc)
Values ( 'Mindy556', '661-344-6769', '332-344-6700', '767-344-6767', '212-344-6767', 'NY', 'Brooklyn','400 Kingston Rd','61578-2909', 'Mindy556', '3467645678988', 'November', 2015, '887');
Insert into Customer (username, home_phone, work_phone, cell_phone, primary_phone, state, city,street, zip_code, name_on_card, card_number, expiration_month, expiration_year,cvc)
Values ( 'Eric908', '788-344-6767', '443-344-6744', NULL, '212-344-6767', 'GA', 'Mableton','439 Kingston Rd','55578-1909', 'Eric908', '3267645678988', 'October', 2019, '443');


##Clerk User
Insert into User (username, email, password, first_name, middle_name, last_name)
Values ( 'dcheung39', 'dcheung39@tools4rent.com', 'd12345C', 'Darol', ' ', 'Dheung');
Insert into User (username, email, password, first_name, middle_name, last_name)
Values ( 'glyu33', 'glyu33@tools4rent.com', 'HelloWorld123', 'Givian', ' ', 'Gyu');
Insert into User (username, email, password, first_name, middle_name, last_name)
Values ( 'hkyyao', 'hkyyao@tools4rent.com', 'School123', 'Hky', ' ', 'Hao');
Insert into User (username, email, password, first_name, middle_name, last_name)
Values ( 'jkyle7', 'Jkyle7@tools4rent.com', 'Runner123', 'Jarlon', 'J.', 'Jebster');
Insert into User (username, email, password, first_name, middle_name, last_name)
Values ( 'lbware8', 'lbware8@tools4rent.com', 'Atari321', 'Levin', 'Brian ', 'Laylor');
Insert into User (username, email, password, first_name, middle_name, last_name)
Values ( 'sodd48', 'Sodd48@tools4rent.com', 'Racecar123', 'Sodd', 'Seynolds ', 'Sohnson');
Insert into User (username, email, password, first_name, middle_name, last_name)
Values ( 'xrandon33', 'Xrandon33@tools4rent.com', 'GoodBye12345', 'Xrandon', 'William ', 'Xeorge');
Insert into User (username, email, password, first_name, middle_name, last_name)
Values ( 'carkJ44', 'CarkJ44@tools4rent.com', 'Brother12345', 'Cark', 'D.', 'Carker');
Insert into User (username, email, password, first_name, middle_name, last_name)
Values ( 'cindy556', 'Cindy556@tools4rent.com', 'Holiday333', 'Mindy', ' ', 'Li');
Insert into User (username, email, password, first_name, middle_name, last_name)
Values ( 'mric908', 'Mric908@tools4rent.com', 'Cooking321', 'Eric', ' ', 'Cook');

##Clerk
Insert into Clerk (username, date_of_hire)
Values ( 'dcheung39', '2017-10-13');
Insert into Clerk (username, date_of_hire)
Values ( 'glyu33', '2016-11-19');
Insert into Clerk (username, date_of_hire)
Values ( 'hkyyao', '2016-04-18');
Insert into Clerk (username, date_of_hire)
Values ( 'jkyle7', '2015-03-17');
Insert into Clerk (username, date_of_hire)
Values ( 'lbware8', '2017-02-16');
Insert into Clerk (username, date_of_hire)
Values ( 'sodd48', '2018-01-15');
Insert into Clerk (username, date_of_hire)
Values ( 'xrandon33', '2012-07-14');
Insert into Clerk (username, date_of_hire)
Values ( 'carkJ44', '2000-09-13');
Insert into Clerk (username, date_of_hire)
Values ( 'cindy556', '2009-12-12');
Insert into Clerk (username, date_of_hire)
Values ( 'mric908', '2010-01-11');

update Clerk
set clerk_login_check = 1
where username in ('dcheung39','glyu33','hkyyao');


##Category
Insert INTO Category(category_name)
     VALUES('Hand');
Insert  INTO Category(category_name)
     VALUES('Garden');
Insert  INTO Category(category_name)
     VALUES('Ladder');
Insert  INTO Category(category_name)
     VALUES('Power');


##Sub_Type
ALTER TABLE `Tool` DROP FOREIGN KEY `FK_SubType_sub_type_name_Tool_sub_type_name`;

##Sub_type (Hand)
Insert  INTO SubType(sub_type_name, category_name, sub_option)
     VALUES('Gun','Hand','nail');
Insert  INTO SubType(sub_type_name, category_name, sub_option)
     VALUES('Gun','Hand','staple');
Insert  INTO SubType(sub_type_name, category_name, sub_option)
     VALUES('Screwdriver','Hand','phillips (cross)');
Insert  INTO SubType(sub_type_name, category_name, sub_option)
     VALUES('Screwdriver','Hand','hex');
Insert  INTO SubType(sub_type_name, category_name, sub_option)
     VALUES('Screwdriver','Hand','torx');
Insert  INTO SubType(sub_type_name, category_name, sub_option)
     VALUES('Screwdriver','Hand','slotted (flat)');
Insert  INTO SubType(sub_type_name, category_name, sub_option)
     VALUES('Socket','Hand','deep');
Insert  INTO SubType(sub_type_name, category_name, sub_option)
     VALUES('Socket','Hand','standard');
Insert  INTO SubType(sub_type_name, category_name, sub_option)
     VALUES('Ratchet','Hand','adjustable');
Insert  INTO SubType(sub_type_name, category_name, sub_option)
     VALUES('Ratchet','Hand','fixed');
Insert  INTO SubType(sub_type_name, category_name, sub_option)
     VALUES('Wrench','Hand','crescent');
Insert  INTO SubType(sub_type_name, category_name, sub_option)
     VALUES('Wrench','Hand','torque');
Insert  INTO SubType(sub_type_name, category_name, sub_option)
     VALUES('Wrench','Hand','pipe');
Insert  INTO SubType(sub_type_name, category_name, sub_option)
     VALUES('Pliers','Hand','needle nose');
Insert  INTO SubType(sub_type_name, category_name, sub_option)
     VALUES('Pliers','Hand','cutting');
Insert  INTO SubType(sub_type_name, category_name, sub_option)
     VALUES('Pliers','Hand','crimper');
Insert  INTO SubType(sub_type_name, category_name, sub_option)
     VALUES('Hammer','Hand','claw');
Insert  INTO SubType(sub_type_name, category_name, sub_option)
     VALUES('Hammer','Hand','sledge');
Insert  INTO SubType(sub_type_name, category_name, sub_option)
     VALUES('Hammer','Hand','framing');

##Sub_type (Garden)
Insert  INTO SubType(sub_type_name, category_name, sub_option)
     VALUES('Digger','Garden','pointed shovel');
Insert  INTO SubType(sub_type_name, category_name, sub_option)
     VALUES('Digger','Garden','flat shovel');
Insert  INTO SubType(sub_type_name, category_name, sub_option)
     VALUES('Digger','Garden','scoop shovel');
Insert  INTO SubType(sub_type_name, category_name, sub_option)
     VALUES('Digger','Garden','edger');
Insert  INTO SubType(sub_type_name, category_name, sub_option)
     VALUES('Pruner','Garden','sheer');
Insert  INTO SubType(sub_type_name, category_name, sub_option)
     VALUES('Pruner','Garden','loppers');
Insert  INTO SubType(sub_type_name, category_name, sub_option)
     VALUES('Pruner','Garden','hedge');
Insert  INTO SubType(sub_type_name, category_name, sub_option)
     VALUES('Rakes','Garden','leaf');
Insert  INTO SubType(sub_type_name, category_name, sub_option)
     VALUES('Rakes','Garden','landscaping');
Insert  INTO SubType(sub_type_name, category_name, sub_option)
     VALUES('Rakes','Garden','rock');
Insert  INTO SubType(sub_type_name, category_name, sub_option)
     VALUES('Wheelbarrows','Garden','1-wheel');
Insert  INTO SubType(sub_type_name, category_name, sub_option)
     VALUES('Wheelbarrows','Garden','2-wheel');
Insert  INTO SubType(sub_type_name, category_name, sub_option)
     VALUES('Striking','Garden','bar pry');     
Insert  INTO SubType(sub_type_name, category_name, sub_option)
     VALUES('Striking','Garden','rubber mallet'); 
Insert  INTO SubType(sub_type_name, category_name, sub_option)
     VALUES('Striking','Garden','tamper');  
Insert  INTO SubType(sub_type_name, category_name, sub_option)
     VALUES('Striking','Garden','pick axe');  
Insert  INTO SubType(sub_type_name, category_name, sub_option)
     VALUES('Striking','Garden','single bit axe');   

##Sub_type (ladder)
Insert  INTO SubType(sub_type_name, category_name, sub_option)
     VALUES('Straight','Ladder','rigid'); 
Insert  INTO SubType(sub_type_name, category_name, sub_option)
     VALUES('Straight','Ladder','telescoping');  
Insert  INTO SubType(sub_type_name, category_name, sub_option)
     VALUES('Step','Ladder','folding');  
Insert  INTO SubType(sub_type_name, category_name, sub_option)
     VALUES('Step','Ladder','multi-position'); 
     
     
##Sub_type (Power)
 Insert  INTO SubType(sub_type_name, category_name, sub_option)
     VALUES('Drill','Power','driver');     
 Insert  INTO SubType(sub_type_name, category_name, sub_option)
     VALUES('Drill','Power','hammer');  
 Insert  INTO SubType(sub_type_name, category_name, sub_option)
     VALUES('Saw','Power','circular');  
 Insert  INTO SubType(sub_type_name, category_name, sub_option)
     VALUES('Saw','Power','reciprocating');  
 Insert  INTO SubType(sub_type_name, category_name, sub_option)
     VALUES('Saw','Power','jig');  
 Insert  INTO SubType(sub_type_name, category_name, sub_option)
     VALUES('Sander','Power','finish'); 
 Insert  INTO SubType(sub_type_name, category_name, sub_option)
     VALUES('Sander','Power','sheet');
 Insert  INTO SubType(sub_type_name, category_name, sub_option)
     VALUES('Sander','Power','belt');
 Insert  INTO SubType(sub_type_name, category_name, sub_option)
     VALUES('Sander','Power','random orbital');
Insert  INTO SubType(sub_type_name, category_name, sub_option)
     VALUES('Air-Compressor','Power','reciprocating');
Insert  INTO SubType(sub_type_name, category_name, sub_option)
     VALUES('Mixer','Power','concrete');
Insert  INTO SubType(sub_type_name, category_name, sub_option)
     VALUES('Generator','Power','electric');
     
ALTER TABLE Tool ADD CONSTRAINT FK_SubType_sub_type_name_Tool_sub_type_name FOREIGN KEY(sub_type_name)
REFERENCES SubType (sub_type_name);  

      
##ADD TOOL
##If Clerk chooses category Hand 
Insert INTO Tool(clerk_id,length,width_diameter,weight,original_price,power_source,manufacturer,sub_option,material,sub_type_name)
VALUES(1,4.25,3.75,3.33,1.45,'Manual','DEWALT','hex',NULL,'Screwdriver');

Insert  INTO Tool(clerk_id,length,width_diameter,weight,original_price,power_source,manufacturer,
            sub_option,material,sub_type_name)
VALUES(1,2.00,3.50,1.45,2.50,'Manual','Bosch','deep','steel','Socket');

Insert  INTO Tool(clerk_id,length,width_diameter,weight,original_price,power_source,manufacturer,
            sub_option,material,sub_type_name)
VALUES(2,3.25,10.75,11.33,1.45,'Manual','Stanley','pipe',NULL,'Wrench');

Insert  INTO Tool(clerk_id,length,width_diameter,weight,original_price,power_source,manufacturer,
            sub_option,material,sub_type_name)
VALUES(5,5.25,3.00,12.45,18.50,'Manual','Rigid','cutting',NULL,'Pliers');

##Insert  INTO HAND table
Insert  INTO Hand(tool_id)
VALUES(1);
Insert  INTO Hand(tool_id)
VALUES(2);
Insert  INTO Hand(tool_id)
VALUES(3);
Insert  INTO Hand(tool_id)
VALUES(4);


##Insert  INTO Screwdriver (Hand)
Insert  INTO Screwdriver(tool_id, screw_size)
VALUES(1,2);


##Tool - Power Tool
Insert INTO Tool(clerk_id,length,width_diameter,weight,original_price,power_source,manufacturer,
            sub_option,material,sub_type_name)
VALUES(10,14.25,13.75,13.33,11.45,'electric','DEWALT','driver',NULL,'Drill');

Insert  INTO Tool(clerk_id,length,width_diameter,weight,original_price,power_source,manufacturer,
            sub_option,material,sub_type_name)
VALUES(8,12.00,13.50,11.45,21.50,'gas','Bosch','reciprocating','plastic','Air-Compressor');

Insert  INTO Tool(clerk_id,length,width_diameter,weight,original_price,power_source,manufacturer,
            sub_option,material,sub_type_name)
VALUES(6,13.25,110.75,111.33,11.45,'cordless','Stanley','circular',NULL,'saw');

Insert  INTO Tool(clerk_id,length,width_diameter,weight,original_price,power_source,manufacturer,
            sub_option,material,sub_type_name)
VALUES(7,15.25,13.00,112.45,181.50,'electric','Rigid','sheet',NULL,'sander');

##Power attribute
Insert  INTO Power(tool_id, amp_rating, volt_rating, min_rpm_rating, max_rpm_rating)
VALUES(5,1.0,110,2000, 3000 );
Insert  INTO Power(tool_id, amp_rating, volt_rating, min_rpm_rating, max_rpm_rating)
VALUES(6,5.0,120,2500,3500);
Insert  INTO Power(tool_id, amp_rating, volt_rating, min_rpm_rating, max_rpm_rating)
VALUES(7,30,220,3000, 4000); 
Insert  INTO Power(tool_id, amp_rating, volt_rating, min_rpm_rating, max_rpm_rating)
VALUES(8,15.0,240,4000,5500) ;


##Drill
Insert  INTO Drill(tool_id, adjustable_clutch, min_torque_rating, max_torque_rating) 
VALUES(5,1,80.0,120.2);



##Saw
Insert  INTO Saw(tool_id, blade_size)
VALUES(7,7.75);





##Air_Compressor
Insert  INTO AirCompressor(tool_id, tank_size, pressure_rating)
VALUES(6,7.0,300);




##Sander
Insert  INTO Sander(tool_id, dust_bag)
VALUES(8,1);



##AddTool

##Service
Insert  INTO Service(clerk_id, cost, start_date, end_date, tool_id)
VALUES(1,20.00, '2017-10-13', '2017-10-13', 1);
Insert  INTO Service(clerk_id, cost, start_date, end_date, tool_id)
VALUES(2,20.00, '2016-10-13', '2016-10-13', 2);
Insert  INTO Service(clerk_id, cost, start_date, end_date, tool_id)
VALUES(1,20.00, '2017-08-13', '2017-10-16', 3);
Insert  INTO Service(clerk_id, cost, start_date, end_date, tool_id)
VALUES(5,34.00, '2017-08-13', '2017-10-16', 4);
Insert  INTO Service(clerk_id, cost, start_date, end_date, tool_id)
VALUES(8,64.00, '2017-12-13', '2017-12-14', 5);
Insert  INTO Service(clerk_id, cost, start_date, end_date, tool_id)
VALUES(9,74.00, '2017-01-13', '2017-01-16', 6);
Insert  INTO Service(clerk_id, cost, start_date, end_date, tool_id)
VALUES(8,64.00, '2017-12-13', '2017-12-14', 7);
Insert  INTO Service(clerk_id, cost, start_date, end_date, tool_id)
VALUES(9,74.00, '2017-01-13', '2017-01-16', 8);

##Purchase
Insert  INTO Purchase(customer_id, for_sale_date, sold_date, clerk_id, tool_id)
VALUES(1,'2017-10-13', '2017-10-13', 1, 2);
Insert  INTO Purchase(customer_id, for_sale_date, sold_date, clerk_id, tool_id)
VALUES(5,'2017-08-13', NULL, 3, 3);
Insert  INTO Purchase(customer_id, for_sale_date, sold_date, clerk_id, tool_id)
VALUES(10,NULL, '2017-08-13', 4, 5);


##Reservation
Insert  INTO Reservation(customer_id, pickup_clerk_id,drop_off_clerk_id, start_date, end_date)
VALUES(3,1,2,'2017-10-12', '2017-10-16');
Insert  INTO Reservation(customer_id, pickup_clerk_id,drop_off_clerk_id, start_date, end_date)
VALUES(7,2,3,'2017-10-13', '2017-10-13');
Insert  INTO Reservation(customer_id, pickup_clerk_id,drop_off_clerk_id, start_date, end_date)
VALUES(9,3,4,'2016-10-13', '2016-10-13');

##ReservationIncludeTool
Insert  INTO ReservationIncludeTool(reservation_id,tool_id)
VALUES(1,8);
Insert  INTO ReservationIncludeTool(reservation_id,tool_id)
VALUES(2,7);
Insert  INTO ReservationIncludeTool(reservation_id,tool_id)
VALUES(3,6);


##------------------------- Loading more test data starts here
##ADD TOOL
##*Garden 
##Digger
Insert INTO Tool(clerk_id,length,width_diameter,weight,original_price,power_source,manufacturer,sub_option,material,sub_type_name)
VALUES(5,1.25,6.75,7.5,10.45,'Manual','RIGID','pointed shovel',NULL,'Digger');
Insert INTO Tool(clerk_id,length,width_diameter,weight,original_price,power_source,manufacturer,sub_option,material,sub_type_name)
VALUES(6,2.25,5.75,7.5,11.45,'Manual','SKIL','flat shovel',NULL,'Digger');
Insert INTO Tool(clerk_id,length,width_diameter,weight,original_price,power_source,manufacturer,sub_option,material,sub_type_name)
VALUES(7,3.25,4.75,7.5,12.45,'Manual','JET','scoop shovel',NULL,'Digger');
Insert INTO Tool(clerk_id,length,width_diameter,weight,original_price,power_source,manufacturer,sub_option,material,sub_type_name)
VALUES(8,4.25,2.75,7.5,13.45,'Manual','3M','edger',NULL,'Digger');

##Pruner
Insert INTO Tool(clerk_id,length,width_diameter,weight,original_price,power_source,manufacturer,sub_option,material,sub_type_name)
VALUES(10,2,5.75,7.5,14.45,'Manual','SKIL','sheer',NULL,'Pruner');
Insert INTO Tool(clerk_id,length,width_diameter,weight,original_price,power_source,manufacturer,sub_option,material,sub_type_name)
VALUES(2,3.50,4.50,7.5,15.45,'Manual','JET','loppers',NULL,'Pruner');
Insert INTO Tool(clerk_id,length,width_diameter,weight,original_price,power_source,manufacturer,sub_option,material,sub_type_name)
VALUES(3,4.75,5.50,7.5,16.45,'Manual','3M','hedge',NULL,'Pruner');


##Rakes
Insert INTO Tool(clerk_id,length,width_diameter,weight,original_price,power_source,manufacturer,sub_option,material,sub_type_name)
VALUES(4,2,5.75,7.5,14.45,'Manual','SKIL','leaf',NULL,'Rakes');
Insert INTO Tool(clerk_id,length,width_diameter,weight,original_price,power_source,manufacturer,sub_option,material,sub_type_name)
VALUES(5,3.50,4.50,7.5,15.45,'Manual','JET','landscaping','plastic','Rakes');
Insert INTO Tool(clerk_id,length,width_diameter,weight,original_price,power_source,manufacturer,sub_option,material,sub_type_name)
VALUES(6,4.75,5.50,7.5,16.45,'Manual','3M','rock','metal','Rakes');



##Wheelbarrows
Insert INTO Tool(clerk_id,length,width_diameter,weight,original_price,power_source,manufacturer,sub_option,material,sub_type_name)
VALUES(7,13.75,5.50,7.5,22.99,'Manual','WheelCo','1-wheel','metal','Wheelbarrows');
Insert INTO Tool(clerk_id,length,width_diameter,weight,original_price,power_source,manufacturer,sub_option,material,sub_type_name)
VALUES(7,41.50,5.50,7.5,22.99,'Manual','WheelCo','1-wheel','metal','Wheelbarrows');

##Striking
Insert INTO Tool(clerk_id,length,width_diameter,weight,original_price,power_source,manufacturer,sub_option,material,sub_type_name)
VALUES(4,2,5.75,7.5,14.45,'Manual','SKIL','bar pry',NULL,'Striking');
Insert INTO Tool(clerk_id,length,width_diameter,weight,original_price,power_source,manufacturer,sub_option,material,sub_type_name)
VALUES(5,3.50,4.50,7.5,15.45,'Manual','JET','rubber mallet','rubber','Striking');
Insert INTO Tool(clerk_id,length,width_diameter,weight,original_price,power_source,manufacturer,sub_option,material,sub_type_name)
VALUES(6,4.75,5.50,7.5,16.45,'Manual','3M','tamper','metal','Striking');
Insert INTO Tool(clerk_id,length,width_diameter,weight,original_price,power_source,manufacturer,sub_option,material,sub_type_name)
VALUES(10,4.75,5.50,7.5,16.45,'Manual','DeWalt','pick axe','metal','Striking');
Insert INTO Tool(clerk_id,length,width_diameter,weight,original_price,power_source,manufacturer,sub_option,material,sub_type_name)
VALUES(10,18.75,15.50,17.5,116.45,'Manual','Bosch','single bit axe','metal','Striking');


##*Ladder
Insert INTO Tool(clerk_id,length,width_diameter,weight,original_price,power_source,manufacturer,sub_option,material,sub_type_name)
VALUES(5,31.50,41.50,7.5,15.45,'Manual','JET','rigid','rubber','Straight');
Insert INTO Tool(clerk_id,length,width_diameter,weight,original_price,power_source,manufacturer,sub_option,material,sub_type_name)
VALUES(6,41.75,5.50,71.5,16.45,'Manual','3M','telescoping','metal','Straight');
Insert INTO Tool(clerk_id,length,width_diameter,weight,original_price,power_source,manufacturer,sub_option,material,sub_type_name)
VALUES(10,41.75,5.50,17.5,16.45,'Manual','DeWalt','folding','metal','Step');
Insert INTO Tool(clerk_id,length,width_diameter,weight,original_price,power_source,manufacturer,sub_option,material,sub_type_name)
VALUES(10,181.75,15.50,117.5,116.45,'Manual','Bosch','multi-position','metal','Step');


##*More Hand
##Screwdriver
Insert INTO Tool(clerk_id,length,width_diameter,weight,original_price,power_source,manufacturer,sub_option,material,sub_type_name)
VALUES(1,1.75,5.75,7.5,1.99,'Manual','DeWalt','phillips (cross)','metal','Screwdriver');
Insert INTO Tool(clerk_id,length,width_diameter,weight,original_price,power_source,manufacturer,sub_option,material,sub_type_name)
VALUES(1,11.25,5.50,17.5,1.99,'Manual','Bosch','torx','metal','Screwdriver');
Insert INTO Tool(clerk_id,length,width_diameter,weight,original_price,power_source,manufacturer,sub_option,material,sub_type_name)
VALUES(2,21.25,2.50,27.5,2.99,'Manual','Bosch','slotted (flat)',NULL,'Screwdriver');

##Socket
Insert INTO Tool(clerk_id,length,width_diameter,weight,original_price,power_source,manufacturer,sub_option,material,sub_type_name)
VALUES(3,31.25,3.50,37.5,3.99,'Manual','Bosch','standard','metal','Socket');
Insert INTO Tool(clerk_id,length,width_diameter,weight,original_price,power_source,manufacturer,sub_option,material,sub_type_name)
VALUES(7,31.25,3.50,37.5,3.99,'Manual','Gosch','deep','metal','Socket');

##Ratchet
Insert INTO Tool(clerk_id,length,width_diameter,weight,original_price,power_source,manufacturer,sub_option,material,sub_type_name)
VALUES(2,21.25,2.50,27.5,2.99,'Manual','Bosch','adjustable',NULL,'Ratchet');
Insert INTO Tool(clerk_id,length,width_diameter,weight,original_price,power_source,manufacturer,sub_option,material,sub_type_name)
VALUES(2,21.25,2.50,27.5,2.99,'Manual','Bosch','fixed',NULL,'Ratchet');

##Wrench
Insert INTO Tool(clerk_id,length,width_diameter,weight,original_price,power_source,manufacturer,sub_option,material,sub_type_name)
VALUES(4,4.25,4.50,4.5,4.99,'Manual','Bosch','crescent',NULL,'Wrench');
Insert INTO Tool(clerk_id,length,width_diameter,weight,original_price,power_source,manufacturer,sub_option,material,sub_type_name)
VALUES(4,4.75,4.50,4.25,4.99,'Manual','Bosch','torque',NULL,'Wrench');

##Gun
Insert INTO Tool(clerk_id,length,width_diameter,weight,original_price,power_source,manufacturer,sub_option,material,sub_type_name)
VALUES(5,5.25,5.50,5.5,5.99,'Manual','Bosch','nail',NULL,'Gun');
Insert INTO Tool(clerk_id,length,width_diameter,weight,original_price,power_source,manufacturer,sub_option,material,sub_type_name)
VALUES(5,5.75,5.50,5.25,5.99,'Manual','DeWalt','staple',NULL,'Gun');

##Hammer
Insert INTO Tool(clerk_id,length,width_diameter,weight,original_price,power_source,manufacturer,sub_option,material,sub_type_name)
VALUES(6,6.25,6.50,6.5,6.99,'Manual','Bosch','claw',NULL,'Hammer');
Insert INTO Tool(clerk_id,length,width_diameter,weight,original_price,power_source,manufacturer,sub_option,material,sub_type_name)
VALUES(6,6.75,6.50,6.25,6.99,'Manual','DeWalt','sledge',NULL,'Hammer');
Insert INTO Tool(clerk_id,length,width_diameter,weight,original_price,power_source,manufacturer,sub_option,material,sub_type_name)
VALUES(6,6.75,6.50,6.25,6.99,'Manual','DeWalt','framing',NULL,'Hammer');


##*Power

##Drill
Insert INTO Tool(clerk_id,length,width_diameter,weight,original_price,power_source,manufacturer,sub_option,material,sub_type_name)
VALUES(7,7.75,7.50,7.25,7.99,'electric','ToolCo','hammer',NULL,'Drill');

##Saw
Insert INTO Tool(clerk_id,length,width_diameter,weight,original_price,power_source,manufacturer,sub_option,material,sub_type_name)
VALUES(7,7.75,7.50,7.25,7.99,'cordless','DeWalt','reciprocating',NULL,'Saw');
Insert INTO Tool(clerk_id,length,width_diameter,weight,original_price,power_source,manufacturer,sub_option,material,sub_type_name)
VALUES(7,7.75,7.50,7.25,7.99,'electric','MaxCo','jig',NULL,'Saw');

##Sander
Insert INTO Tool(clerk_id,length,width_diameter,weight,original_price,power_source,manufacturer,sub_option,material,sub_type_name)
VALUES(8,8.75,8.50,8.25,8.99,'cordless','DeWalt','finish',NULL,'Sander');
Insert INTO Tool(clerk_id,length,width_diameter,weight,original_price,power_source,manufacturer,sub_option,material,sub_type_name)
VALUES(8,8.75,8.50,8.25,8.99,'electric','MaxCo','belt',NULL,'Sander');
Insert INTO Tool(clerk_id,length,width_diameter,weight,original_price,power_source,manufacturer,sub_option,material,sub_type_name)
VALUES(8,8.75,8.50,8.25,8.99,'electric','MaxCo','random orbital',NULL,'Sander');

##Mixer
Insert INTO Tool(clerk_id,length,width_diameter,weight,original_price,power_source,manufacturer,sub_option,material,sub_type_name)
VALUES(9,9.75,9.50,9.25,9.99,'gas','Bosch','concrete',NULL,'Mixer');

##Generator
Insert INTO Tool(clerk_id,length,width_diameter,weight,original_price,power_source,manufacturer,sub_option,material,sub_type_name)
VALUES(10,10.75,10.50,10.25,10.99,'gas','MackCo','electric',NULL,'Generator');

################################### Loading Sub_Type Columns now
##HAND

INSERT INTO HAND ##tool_id (30 - 43)
select distinct tool_id from tool t inner join SubType s on t.sub_type_name = s.sub_type_name
where category_name = 'Hand'
and tool_id not in (1,2,3,4)
order by 1;

##Insert  INTO Screwdriver (Hand)
Insert  INTO Screwdriver(tool_id, screw_size)
select tool_id, length * width_diameter from tool where sub_type_name = 'screwdriver'
AND tool_id not in (1);


##Insert  INTO Socket (Hand)
Insert INTO Socket(tool_id, drive_size, sae_size,deep_socket)
VALUES(33,.50,.75,NULL);
Insert INTO Socket(tool_id, drive_size, sae_size,deep_socket)
VALUES(34,1.50,2.75,1);



##Insert  INTO Ratchet (Hand)
Insert INTO Ratchet(tool_id, drive_size)
VALUES(35,1.50);
Insert INTO Ratchet(tool_id, drive_size)
VALUES(36,2.50);

##Insert  INTO Wrench (Hand)
Insert INTO Wrench(tool_id, drive_size)
VALUES(37,2.50);
Insert INTO Wrench(tool_id, drive_size)
VALUES(38,3.50);


##Missed Pliers
Insert INTO Tool(clerk_id,length,width_diameter,weight,original_price,power_source,manufacturer,sub_option,material,sub_type_name)
VALUES(1,1.25,1.50,1.5,1.99,'Manual','Bosch','needle nose',NULL,'Pliers');
Insert INTO Tool(clerk_id,length,width_diameter,weight,original_price,power_source,manufacturer,sub_option,material,sub_type_name)
VALUES(1,1.25,1.50,1.5,1.99,'Manual','Bosch','needle nose',NULL,'Pliers');
Insert INTO Tool(clerk_id,length,width_diameter,weight,original_price,power_source,manufacturer,sub_option,material,sub_type_name)
VALUES(1,1.25,1.50,1.5,1.99,'Manual','Bosch','crimper',NULL,'Pliers');

INSERT INTO HAND (tool_id)
Values (52);
INSERT INTO HAND (tool_id)
Values (53);
INSERT INTO HAND (tool_id)
Values (54);

##Pliers
INSERT INTO PLIERS (tool_id, adjustable)
Values(52,1);
INSERT INTO PLIERS (tool_id, adjustable)
Values(53,0);
INSERT INTO PLIERS (tool_id, adjustable)
Values(54,1);
INSERT INTO PLIERS (tool_id, adjustable)
Values(4,0);

##Gun
INSERT INTO GUN (tool_id, capacity, gauge_rating)
VALUES (39, 100, 18);
INSERT INTO GUN (tool_id, capacity, gauge_rating)
VALUES (40, 50, 24);

##Hammer
INSERT INTO HAMMEr (tool_id, anti_vibration)
VALUES (41, 0);
INSERT INTO HAMMER (tool_id, anti_vibration)
VALUES (42, 1);
INSERT INTO HAMMER (tool_id) ##Because anti_vibration is nullable 
VALUES (43);

###############Garden Sub_Type column load

##Digger
INSERT INTO Garden (tool_id, handle_material)
VALUES (9, 'wooden');
INSERT INTO Garden (tool_id, handle_material)
VALUES (10, 'fiberglass');
INSERT INTO Garden (tool_id, handle_material)
VALUES (11, 'poly');
INSERT INTO Garden (tool_id, handle_material)
VALUES (12, 'metal');

INSERT INTO Digger (tool_id, blade_width, blade_length)
VALUES (9, 9.75, 7.33);
INSERT INTO Digger (tool_id, blade_width, blade_length)
VALUES (10, 8.50, 1.75);
INSERT INTO Digger (tool_id, blade_width, blade_length)
VALUES (11, 7.25, 3.66);
INSERT INTO Digger (tool_id, blade_width, blade_length)
VALUES (12, 9, 17.33);

##Pruner

INSERT INTO Garden (tool_id, handle_material)
VALUES (13, 'steel');
INSERT INTO Garden (tool_id, handle_material)
VALUES (14, 'titanium');
INSERT INTO Garden (tool_id, handle_material)
VALUES (15, 'N/A');

INSERT INTO Pruner (tool_id, blade_material, blade_length)
VALUES (13, 'steel', 24);
INSERT INTO Pruner (tool_id, blade_material, blade_length)
VALUES (14, 'titanium', 5.125);
INSERT INTO Pruner (tool_id, blade_length)
VALUES (15,  8.75);

##Rakes
INSERT INTO Garden (tool_id, handle_material)
VALUES (16, 'steel');
INSERT INTO Garden (tool_id, handle_material)
VALUES (17, 'titanium');
INSERT INTO Garden (tool_id, handle_material)
VALUES (18, 'rock');

INSERT INTO Rakes (tool_id, tine_count)
VALUES (16, 10);
INSERT INTO Rakes (tool_id, tine_count)
VALUES (17, 24);
INSERT INTO Rakes (tool_id, tine_count)
VALUES (18, 16);


##wheelbarrow
INSERT INTO Garden (tool_id, handle_material)
VALUES (19, 'steel');
INSERT INTO Garden (tool_id, handle_material)
VALUES (20, 'titanium');

INSERT INTO Wheelbarrows (tool_id, bin_material, bin_volume, wheel_count)
VALUES (19, 'steel', 5.9, 1);
INSERT INTO Wheelbarrows (tool_id, bin_material, wheel_count)
VALUES (20, 'plastic', 4);


##Striking
INSERT INTO Garden (tool_id, handle_material)
VALUES (21, 'steel');
INSERT INTO Garden (tool_id, handle_material)
VALUES (22, 'rubber');
INSERT INTO Garden (tool_id, handle_material)
VALUES (23, 'steel');
INSERT INTO Garden (tool_id, handle_material)
VALUES (24, 'plastic');
INSERT INTO Garden (tool_id, handle_material)
VALUES (25, 'gold');

INSERT INTO Striking (tool_id, head_weight)
VALUES (21, 3.5);
INSERT INTO Striking (tool_id, head_weight)
VALUES (22, 4.9);
INSERT INTO Striking (tool_id, head_weight)
VALUES (23, 2.25);
INSERT INTO Striking (tool_id, head_weight)
VALUES (24, 7.89);
INSERT INTO Striking (tool_id, head_weight)
VALUES (25, 10);
##--------------------------------------------------------------------------------
##Ladder sub_type loads

##straight
INSERT INTO Ladder(tool_id, step_count, weight_capacity)
VALUES (26, 4, 50);
INSERT INTO Ladder(tool_id, step_count, weight_capacity)
VALUES (27, 10, 100);

INSERT INTO Straight(tool_id, rubber_feet)
VALUES (26, 1);
INSERT INTO Straight(tool_id)
VALUES (27);

##step
INSERT INTO Ladder(tool_id, step_count, weight_capacity)
VALUES (28, 4, 50);
INSERT INTO Ladder(tool_id, step_count, weight_capacity)
VALUES (29, 10, 100);

INSERT INTO Step(tool_id, pail_shelf)
VALUES (28, 0);
INSERT INTO Step(tool_id)
VALUES (29);

##-------------------------------------------------------------------------------------
##Power sub_type table loads

##Drill
Insert  INTO Power(tool_id, volt_rating, amp_rating, min_rpm_rating, max_rpm_rating)
VALUES(44,120,5.0,2200, 3100 );

Insert  INTO Drill(tool_id, adjustable_clutch, min_torque_rating, max_torque_rating) 
VALUES(44,0,92.0,7500);

##Saw
Insert  INTO Power(tool_id, volt_rating, amp_rating, min_rpm_rating, max_rpm_rating)
VALUES(45,120,5.0,1200, 4100 );
Insert  INTO Power(tool_id, volt_rating, amp_rating, min_rpm_rating, max_rpm_rating)
VALUES(46,110,20.0,6200, 5800 );


Insert  INTO Saw(tool_id, blade_size)
VALUES(45,6.50);
Insert  INTO Saw(tool_id, blade_size)
VALUES(46,3.25);

##Sander
Insert  INTO Power(tool_id, volt_rating, amp_rating, min_rpm_rating, max_rpm_rating)
VALUES(47,220,6.0,100, 400 );
Insert  INTO Power(tool_id, volt_rating, amp_rating, min_rpm_rating, max_rpm_rating)
VALUES(48,310,25.0,3200, 3800 );
Insert  INTO Power(tool_id, volt_rating, amp_rating, min_rpm_rating, max_rpm_rating)
VALUES(49,420,8.0,9200, 9200 );

Insert  INTO Sander(tool_id, dust_bag)
VALUES(47,1);
Insert  INTO Sander(tool_id, dust_bag)
VALUES(48,0);
Insert  INTO Sander(tool_id, dust_bag)
VALUES(49,1);

##mixer
Insert  INTO Power(tool_id, volt_rating, amp_rating, min_rpm_rating, max_rpm_rating)
VALUES(50,120,3.0,1200, 1800 );

INSERT INTO Mixer (tool_id, motor_rating, drum_size)
VALUES(50, .5, 6.0);


##Generator
Insert  INTO Power(tool_id, volt_rating, amp_rating, min_rpm_rating, max_rpm_rating)
VALUES(51,220,10.0,10200, 10800 );

INSERT INTO Generator (tool_id, power_rating)
VALUES(51, 10000);

##-------------------------------------------

##Service
Insert  INTO Service(clerk_id, cost, start_date, end_date, tool_id)
VALUES(1,25.00, '2017-10-30', '2017-11-3', 51);
Insert  INTO Service(clerk_id, cost, start_date, end_date, tool_id)
VALUES(2,22.00, '2017-11-01', '2016-11-02', 50);
Insert  INTO Service(clerk_id, cost, start_date, end_date, tool_id)
VALUES(10,2.00, '2018-01-01', '2018-01-15', 49);

##Purchase
Insert  INTO Purchase(customer_id, for_sale_date, sold_date, clerk_id, tool_id)
VALUES(2,'2017-10-30', '2017-10-30', 2, 40);
Insert  INTO Purchase(customer_id, for_sale_date, sold_date, clerk_id, tool_id)
VALUES(6,'2017-10-29', NULL, 4, 41);
Insert  INTO Purchase(customer_id, for_sale_date, sold_date, clerk_id, tool_id)
VALUES(9,NULL, '2017-10-01', 5, 42);

##Reservation
Insert  INTO Reservation(customer_id, pickup_clerk_id,drop_off_clerk_id, start_date, end_date)
VALUES(4,2,4,'2017-10-30', '2017-11-01');
Insert  INTO Reservation(customer_id, pickup_clerk_id,drop_off_clerk_id, start_date, end_date)
VALUES(8,3,5,'2017-12-01', '2017-12-15');
Insert  INTO Reservation(customer_id, pickup_clerk_id,drop_off_clerk_id, start_date, end_date)
VALUES(10,4,6,'2017-10-13', '2017-12-13');

##ReservationIncludeTool
Insert  INTO ReservationIncludeTool(reservation_id,tool_id)
VALUES(4,30);
Insert  INTO ReservationIncludeTool(reservation_id,tool_id)
VALUES(5,31);
Insert  INTO ReservationIncludeTool(reservation_id,tool_id)
VALUES(6,32);



##Added more reservations
##Reservation
Insert  INTO Reservation(customer_id, pickup_clerk_id,drop_off_clerk_id, start_date, end_date)
VALUES(1,2,4,'2017-10-01', '2017-10-29');
Insert  INTO Reservation(customer_id, pickup_clerk_id,drop_off_clerk_id, start_date, end_date)
VALUES(1,3,5,'2017-10-01', '2017-10-29');
Insert  INTO Reservation(customer_id, pickup_clerk_id,drop_off_clerk_id, start_date, end_date)
VALUES(1,4,6,'2017-10-01', '2017-10-29');

##ReservationIncludeTool
Insert  INTO ReservationIncludeTool(reservation_id,tool_id)
VALUES(7,25);
Insert  INTO ReservationIncludeTool(reservation_id,tool_id)
VALUES(8,26);
Insert  INTO ReservationIncludeTool(reservation_id,tool_id)
VALUES(9,27);




## Accessories
INSERT INTO Accessories (tool_id, accessory_description,quantity)
    VALUES (44,"Drill Bits",3);
INSERT INTO Accessories (tool_id, accessory_description,quantity)
    VALUES (45,"Saw Blade",1);
INSERT INTO Accessories (tool_id, accessory_description,quantity)
    VALUES (47,"Safety - hat",10);
INSERT INTO Accessories (tool_id, accessory_description,quantity)
    VALUES (47,"Safety - pants",6);
INSERT INTO Accessories (tool_id, accessory_description,quantity)
    VALUES (47,"Safety - goggles",5);
INSERT INTO Accessories (tool_id, accessory_description,quantity)
    VALUES (49,"Hard Case",3);
INSERT INTO Accessories (tool_id, accessory_description,quantity)
    VALUES (49,"Safety - vest",5);
INSERT INTO Accessories (tool_id, accessory_description,quantity)
    VALUES (50,"Safety-hat",4);
INSERT INTO Accessories (tool_id, accessory_description,quantity)
    VALUES (51,"Hose",8);

## DC_Cordless
INSERT INTO DC_Cordless (tool_id, battery_type)
    VALUES (45,"Li-Ion");
INSERT INTO DC_Cordless (tool_id, battery_type)
    VALUES (47,"NiMH");
    
##Added more reservations

##ReservationIncludeTool
Insert  INTO ReservationIncludeTool(reservation_id,tool_id)
VALUES(1,9);
Insert  INTO ReservationIncludeTool(reservation_id,tool_id)
VALUES(1,10);
Insert  INTO ReservationIncludeTool(reservation_id,tool_id)
VALUES(1,13);

Insert  INTO ReservationIncludeTool(reservation_id,tool_id)
VALUES(4,28);
Insert  INTO ReservationIncludeTool(reservation_id,tool_id)
VALUES(4,43);
Insert  INTO ReservationIncludeTool(reservation_id,tool_id)
VALUES(4,47);

 
    
    

update reservation
set drop_off_clerk_id = NULL
where reservation_id = 4;

update reservation
set drop_off_clerk_id = NULL,
    pickup_clerk_id = NULL
where reservation_id = 5;

update reservation
set drop_off_clerk_id = NULL
where reservation_id = 6;

##Added on 11/25
##Added more reservations
##Reservation
Insert  INTO Reservation(customer_id, pickup_clerk_id,drop_off_clerk_id, start_date, end_date)
VALUES(4,1,1,'2017-11-10', '2017-11-11');
Insert  INTO Reservation(customer_id, pickup_clerk_id,drop_off_clerk_id, start_date, end_date)
VALUES(5,4,6,'2017-11-10', '2017-11-15');
Insert  INTO Reservation(customer_id, pickup_clerk_id,drop_off_clerk_id, start_date, end_date)
VALUES(6,5,8,'2017-11-10', '2017-11-29');
Insert  INTO Reservation(customer_id, pickup_clerk_id,drop_off_clerk_id, start_date, end_date)
VALUES(2,1,1,'2017-11-15', '2017-11-16');
Insert  INTO Reservation(customer_id, pickup_clerk_id,drop_off_clerk_id, start_date, end_date)
VALUES(2,4,6,'2017-11-15', '2017-11-16');
Insert  INTO Reservation(customer_id, pickup_clerk_id,drop_off_clerk_id, start_date, end_date)
VALUES(6,5,8,'2017-11-15', '2017-12-01');

##select * from reservation R, ReservationIncludeTool RI WHERE R.reservation_id = RI.reservation_id ORDER by end_date;


##ReservationIncludeTool
Insert  INTO ReservationIncludeTool(reservation_id,tool_id)
VALUES(10,14);
Insert  INTO ReservationIncludeTool(reservation_id,tool_id)
VALUES(11,17);
Insert  INTO ReservationIncludeTool(reservation_id,tool_id)
VALUES(12,21);
Insert  INTO ReservationIncludeTool(reservation_id,tool_id)
VALUES(13,22);
Insert  INTO ReservationIncludeTool(reservation_id,tool_id)
VALUES(14,23);
Insert  INTO ReservationIncludeTool(reservation_id,tool_id)
VALUES(15,24);

##Same end date as reservation for tool_id # 47

Insert  INTO Reservation(customer_id, pickup_clerk_id,drop_off_clerk_id, start_date, end_date)
VALUES(10,1,1,'2017-12-10', '2017-12-25');
Insert  INTO Reservation(customer_id, pickup_clerk_id,drop_off_clerk_id, start_date, end_date)
VALUES(9,4,6,'2017-12-11', '2017-12-25');
Insert  INTO Reservation(customer_id, pickup_clerk_id,drop_off_clerk_id, start_date, end_date)
VALUES(8,5,8,'2017-12-12', '2017-12-25');

Insert  INTO ReservationIncludeTool(reservation_id,tool_id)
VALUES(16,47);
Insert  INTO ReservationIncludeTool(reservation_id,tool_id)
VALUES(17,50);
Insert  INTO ReservationIncludeTool(reservation_id,tool_id)
VALUES(18,51);



##More striking/Garden
##select * from tool;

Insert INTO Tool(clerk_id,length,width_diameter,weight,original_price,power_source,manufacturer,sub_option,material,sub_type_name)
VALUES(1,2.5,5.75,7.5,14.45,'Manual','SKIL','bar pry',NULL,'Striking');
Insert INTO Tool(clerk_id,length,width_diameter,weight,original_price,power_source,manufacturer,sub_option,material,sub_type_name)
VALUES(2,3.75,4.50,7.5,15.45,'Manual','JET','rubber mallet','rubber','Striking');
Insert INTO Tool(clerk_id,length,width_diameter,weight,original_price,power_source,manufacturer,sub_option,material,sub_type_name)
VALUES(3,3.75,5.50,7.5,16.45,'Manual','3M','tamper','metal','Striking');
Insert INTO Tool(clerk_id,length,width_diameter,weight,original_price,power_source,manufacturer,sub_option,material,sub_type_name)
VALUES(4,2.75,5.50,7.5,16.45,'Manual','DeWalt','pick axe','metal','Striking');
Insert INTO Tool(clerk_id,length,width_diameter,weight,original_price,power_source,manufacturer,sub_option,material,sub_type_name)
VALUES(5,1.75,15.50,17.5,116.45,'Manual','Bosch','single bit axe','metal','Striking');
Insert INTO Tool(clerk_id,length,width_diameter,weight,original_price,power_source,manufacturer,sub_option,material,sub_type_name)
VALUES(6,3,5.75,7.5,14.45,'Manual','SKIL','bar pry',NULL,'Striking');
Insert INTO Tool(clerk_id,length,width_diameter,weight,original_price,power_source,manufacturer,sub_option,material,sub_type_name)
VALUES(7,4.50,3.50,7.5,15.45,'Manual','JET','rubber mallet','rubber','Striking');
Insert INTO Tool(clerk_id,length,width_diameter,weight,original_price,power_source,manufacturer,sub_option,material,sub_type_name)
VALUES(8,5.75,4.50,7.5,16.45,'Manual','3M','tamper','metal','Striking');
Insert INTO Tool(clerk_id,length,width_diameter,weight,original_price,power_source,manufacturer,sub_option,material,sub_type_name)
VALUES(9,6.75,5.40,7.5,16.45,'Manual','DeWalt','pick axe','metal','Striking');
Insert INTO Tool(clerk_id,length,width_diameter,weight,original_price,power_source,manufacturer,sub_option,material,sub_type_name)
VALUES(10,6.75,14.50,17.5,116.45,'Manual','Bosch','single bit axe','metal','Striking');

##Striking
INSERT INTO Garden (tool_id, handle_material)
VALUES (55, 'steel');
INSERT INTO Garden (tool_id, handle_material)
VALUES (56, 'rubber');
INSERT INTO Garden (tool_id, handle_material)
VALUES (57, 'steel');
INSERT INTO Garden (tool_id, handle_material)
VALUES (58, 'plastic');
INSERT INTO Garden (tool_id, handle_material)
VALUES (59, 'gold');
INSERT INTO Garden (tool_id, handle_material)
VALUES (60, 'steel');
INSERT INTO Garden (tool_id, handle_material)
VALUES (61, 'rubber');
INSERT INTO Garden (tool_id, handle_material)
VALUES (62, 'steel');
INSERT INTO Garden (tool_id, handle_material)
VALUES (63, 'plastic');
INSERT INTO Garden (tool_id, handle_material)
VALUES (64, 'gold');

INSERT INTO Striking (tool_id, head_weight)
VALUES (55, 3.5);
INSERT INTO Striking (tool_id, head_weight)
VALUES (56, 4.9);
INSERT INTO Striking (tool_id, head_weight)
VALUES (57, 2.25);
INSERT INTO Striking (tool_id, head_weight)
VALUES (58, 7.89);
INSERT INTO Striking (tool_id, head_weight)
VALUES (59, 10);
INSERT INTO Striking (tool_id, head_weight)
VALUES (60, 3.5);
INSERT INTO Striking (tool_id, head_weight)
VALUES (61, 4.9);
INSERT INTO Striking (tool_id, head_weight)
VALUES (62, 2.25);
INSERT INTO Striking (tool_id, head_weight)
VALUES (63, 7.89);
INSERT INTO Striking (tool_id, head_weight)
VALUES (64, 10);


##More reservations with same start date and null in pickup clerk id column

##select * from reservation
Insert  INTO Reservation(customer_id, pickup_clerk_id,drop_off_clerk_id, start_date, end_date)
VALUES(1,null,1,'2017-11-28', '2017-11-30');
Insert  INTO Reservation(customer_id, pickup_clerk_id,drop_off_clerk_id, start_date, end_date)
VALUES(2,null,6,'2017-11-28', '2017-12-15');
Insert  INTO Reservation(customer_id, pickup_clerk_id,drop_off_clerk_id, start_date, end_date)
VALUES(3,null,8,'2017-11-28', '2017-12-29');
Insert  INTO Reservation(customer_id, pickup_clerk_id,drop_off_clerk_id, start_date, end_date)
VALUES(4,null,1,'2017-11-28', '2017-12-16');
Insert  INTO Reservation(customer_id, pickup_clerk_id,drop_off_clerk_id, start_date, end_date)
VALUES(5,null,6,'2017-11-28', '2017-12-16');
Insert  INTO Reservation(customer_id, pickup_clerk_id,drop_off_clerk_id, start_date, end_date)
VALUES(6,null,8,'2017-11-28', '2017-12-01');

##select * from reservation R, ReservationIncludeTool RI WHERE R.reservation_id = RI.reservation_id ORDER by end_date;

##select * from ReservationIncludeTool order by tool_id
##select * from tool
##ReservationIncludeTool
Insert  INTO ReservationIncludeTool(reservation_id,tool_id)
VALUES(19,55);
Insert  INTO ReservationIncludeTool(reservation_id,tool_id)
VALUES(20,56);
Insert  INTO ReservationIncludeTool(reservation_id,tool_id)
VALUES(21,57);
Insert  INTO ReservationIncludeTool(reservation_id,tool_id)
VALUES(22,58);
Insert  INTO ReservationIncludeTool(reservation_id,tool_id)
VALUES(23,59);
Insert  INTO ReservationIncludeTool(reservation_id,tool_id)
VALUES(24,60);


##Accessories

##select * from Accessories

##select * from tool where sub_type_name in ('drill','saw','sander')
##order by tool_id
##Change Primary numbers
##select * from customer;

update customer
set primary_phone = '404-241-0453'
where customer_id = 2;  

update customer
set primary_phone = '678-696-4729'
where customer_id = 3;   

update customer
set primary_phone = '676-340-4767'
where customer_id = 4;   

update customer
set primary_phone = '767-777-6212'
where customer_id = 5;   

update customer
set primary_phone = '828-766-5656'
where customer_id = 6;   

update customer
set primary_phone = '313-214-9090'
where customer_id = 7;   

update customer
set primary_phone = '565-221-8989'
where customer_id = 8;   

update customer
set primary_phone = '303-212-4321'
where customer_id = 9;   

update customer
set primary_phone = '404-242-1234'
where customer_id = 10;   
